papel,chamadas,chamadas_por_dia,ms_medio,consulta
service_role,2743538,11918,0.0,"select set_config('search_path', $1, true), set_config('role', $2, true), set_config('request.jwt.claims', $3, true), set_config('request.method', $4, true), set_config('request.path', $5, true), set_config('request.headers', $6, true), set_config('request.cookies', $7, true)"
service_role,1141139,4957,0.1,"WITH pgrst_source AS ( SELECT ""public"".""whatsapp_jobs"".* FROM ""public"".""whatsapp_jobs"" WHERE ""public"".""whatsapp_jobs"".""status"" = $1 ORDER BY ""public"".""whatsapp_jobs"".""created_at"" ASC LIMIT $2 OFFSET $3 ) SELECT $4::bigint AS total_result_set, pg_catalog.count(_postgrest_t) AS page_total, coalesce(json_agg(_postgrest_t), $5) AS body, nullif(current_setting($6, $7), $8) AS response_headers, nullif(c"
service_role,1084610,4711,0.0,"WITH pgrst_source AS ( SELECT ""public"".""whatsapp_jobs"".""id"", ""public"".""whatsapp_jobs"".""attempts"", ""public"".""whatsapp_jobs"".""log_id"" FROM ""public"".""whatsapp_jobs"" WHERE ""public"".""whatsapp_jobs"".""status"" = $1 AND ""public"".""whatsapp_jobs"".""started_at"" < $2 LIMIT $3 OFFSET $4 ) SELECT $5::bigint AS total_result_set, pg_catalog.count(_postgrest_t) AS page_total, coalesce(json_agg(_postgrest_t), $6) AS "
authenticated,533237,2316,0.4,"select set_config('search_path', $1, true), set_config($2, $3, true), set_config('role', $4, true), set_config('request.jwt.claims', $5, true), set_config('request.method', $6, true), set_config('request.path', $7, true), set_config('request.headers', $8, true), set_config('request.cookies', $9, true)"
authenticator,348575,1514,0.0,SET client_encoding = 'UTF8'
authenticator,348575,1514,0.0,SET client_min_messages TO WARNING
authenticator,345611,1501,0.0,BEGIN ISOLATION LEVEL READ COMMITTED READ ONLY
authenticated,334822,1454,0.8,"WITH pgrst_source AS ( SELECT ""public"".""app_notifications"".* FROM ""public"".""app_notifications"" WHERE ""public"".""app_notifications"".""read"" = $1 ORDER BY ""public"".""app_notifications"".""created_at"" ASC LIMIT $2 OFFSET $3 ) SELECT $4::bigint AS total_result_set, pg_catalog.count(_postgrest_t) AS page_total, coalesce(json_agg(_postgrest_t), $5) AS body, nullif(current_setting($6, $7), $8) AS response_hea"
authenticated,307072,1334,0.0,COMMIT
anon,116875,508,0.5,"select set_config('search_path', $1, true), set_config($2, $3, true), set_config('role', $4, true), set_config('request.jwt.claims', $5, true), set_config('request.method', $6, true), set_config('request.path', $7, true), set_config('request.headers', $8, true), set_config('request.cookies', $9, true)"
service_role,74112,322,0.3,"WITH pgrst_source AS ( SELECT ""public"".""whatsapp_control"".* FROM ""public"".""whatsapp_control"" WHERE ""public"".""whatsapp_control"".""id"" = $1 LIMIT $2 OFFSET $3 ) SELECT $4::bigint AS total_result_set, pg_catalog.count(_postgrest_t) AS page_total, coalesce(json_agg(_postgrest_t), $5) AS body, nullif(current_setting($6, $7), $8) AS response_headers, nullif(current_setting($9, $10), $11) AS response_stat"
service_role,74109,322,0.5,"WITH pgrst_source AS ( SELECT ""public"".""whatsapp_jobs"".""id"", ""public"".""whatsapp_jobs"".""result"" FROM ""public"".""whatsapp_jobs"" WHERE ""public"".""whatsapp_jobs"".""status"" = $1 AND ""public"".""whatsapp_jobs"".""finished_at"" >= $2 LIMIT $3 OFFSET $4 ) SELECT $5::bigint AS total_result_set, pg_catalog.count(_postgrest_t) AS page_total, coalesce(json_agg(_postgrest_t), $6) AS body, nullif(current_setting($7, $8"
service_role,68372,297,0.7,"WITH pgrst_source AS (UPDATE ""public"".""processos"" SET ""suite_data_chegada"" = ""pgrst_body"".""suite_data_chegada"" FROM (SELECT $1 AS json_data) pgrst_payload, LATERAL (SELECT ""suite_data_chegada"" FROM json_to_record(pgrst_payload.json_data) AS _(""suite_data_chegada"" timestamp with time zone) ) pgrst_body WHERE ""public"".""processos"".""id"" = $2 RETURNING $3) SELECT $4 AS total_result_set, pg_catalog.coun"
service_role,56519,246,0.1,"WITH pgrst_source AS (UPDATE ""public"".""whatsapp_jobs"" SET ""status"" = ""pgrst_body"".""status"" FROM (SELECT $1 AS json_data) pgrst_payload, LATERAL (SELECT ""status"" FROM json_to_record(pgrst_payload.json_data) AS _(""status"" text) ) pgrst_body WHERE ""public"".""whatsapp_jobs"".""status"" = $2 AND ""public"".""whatsapp_jobs"".""started_at"" < $3 RETURNING ""public"".""whatsapp_jobs"".""id"") SELECT $4 AS total_result_se"
service_role,46830,203,0.2,"WITH pgrst_source AS ( SELECT ""public"".""whatsapp_control"".""degraded_since"" FROM ""public"".""whatsapp_control"" WHERE ""public"".""whatsapp_control"".""id"" = $1 LIMIT $2 OFFSET $3 ) SELECT $4::bigint AS total_result_set, pg_catalog.count(_postgrest_t) AS page_total, coalesce(json_agg(_postgrest_t), $5) AS body, nullif(current_setting($6, $7), $8) AS response_headers, nullif(current_setting($9, $10), $11) A"
service_role,38904,169,0.8,"WITH pgrst_source AS (UPDATE ""public"".""seinfra_itens"" SET ""composicao"" = ""pgrst_body"".""composicao"" FROM (SELECT $1 AS json_data) pgrst_payload, LATERAL (SELECT ""composicao"" FROM json_to_record(pgrst_payload.json_data) AS _(""composicao"" jsonb) ) pgrst_body WHERE ""public"".""seinfra_itens"".""codigo"" = $2 AND ""public"".""seinfra_itens"".""tipo_encargo"" = $3 AND ""public"".""seinfra_itens"".""referencia"" = $4 RET"
anon,37251,162,0.0,COMMIT
service_role,36733,160,0.9,"WITH pgrst_source AS ( SELECT ""public"".""whatsapp_logs"".""id"" FROM ""public"".""whatsapp_logs"" WHERE ""public"".""whatsapp_logs"".""status"" = $1 AND ""public"".""whatsapp_logs"".""created_at"" < $2 LIMIT $3 OFFSET $4 ) SELECT $5::bigint AS total_result_set, pg_catalog.count(_postgrest_t) AS page_total, coalesce(json_agg(_postgrest_t), $6) AS body, nullif(current_setting($7, $8), $9) AS response_headers, nullif(cu"
service_role,34489,150,0.7,"WITH pgrst_source AS (UPDATE ""public"".""seinfra_itens"" SET ""composicao"" = ""pgrst_body"".""composicao"" FROM (SELECT $1 AS json_data) pgrst_payload, LATERAL (SELECT ""composicao"" FROM json_to_record(pgrst_payload.json_data) AS _(""composicao"" jsonb) ) pgrst_body WHERE ""public"".""seinfra_itens"".""codigo"" = $2 AND ""public"".""seinfra_itens"".""tipo_encargo"" = $3 RETURNING ""public"".""seinfra_itens"".*) SELECT $4 AS"
authenticated,24745,107,3.4,"WITH pgrst_source AS ( SELECT ""public"".""app_atividades"".* FROM ""public"".""app_atividades"" ORDER BY ""public"".""app_atividades"".""created_at"" DESC LIMIT $1 OFFSET $2 ) SELECT $3::bigint AS total_result_set, pg_catalog.count(_postgrest_t) AS page_total, coalesce(json_agg(_postgrest_t), $4) AS body, nullif(current_setting($5, $6), $7) AS response_headers, nullif(current_setting($8, $9), $10) AS response_"
authenticated,24634,107,274.3,"WITH pgrst_source AS ( SELECT ""public"".""seinfra_itens"".* FROM ""public"".""seinfra_itens"" WHERE ""public"".""seinfra_itens"".""referencia"" = $1 LIMIT $2 OFFSET $3 ) , pgrst_source_count AS (SELECT $5 FROM ""public"".""seinfra_itens"" WHERE ""public"".""seinfra_itens"".""referencia"" = $4) SELECT (SELECT pg_catalog.count(*) FROM pgrst_source_count) AS total_result_set, pg_catalog.count(_postgrest_t) AS page_total, $"
authenticated,22607,98,54.2,"WITH pgrst_source AS ( SELECT ""public"".""composicoes_biblioteca"".* FROM ""public"".""composicoes_biblioteca"" ORDER BY ""public"".""composicoes_biblioteca"".""usuario"" ASC , ""public"".""composicoes_biblioteca"".""subcategoria"" ASC , ""public"".""composicoes_biblioteca"".""descricao"" ASC LIMIT $1 OFFSET $2 ) SELECT $3::bigint AS total_result_set, pg_catalog.count(_postgrest_t) AS page_total, coalesce(json_agg(_postgr"
service_role,20510,89,1.2,"WITH pgrst_source AS (UPDATE ""public"".""sinapi_itens"" SET ""composicao"" = ""pgrst_body"".""composicao"" FROM (SELECT $1 AS json_data) pgrst_payload, LATERAL (SELECT ""composicao"" FROM json_to_record(pgrst_payload.json_data) AS _(""composicao"" jsonb) ) pgrst_body WHERE ""public"".""sinapi_itens"".""codigo"" = $2 AND ""public"".""sinapi_itens"".""tipo_encargo"" = ANY ($3) RETURNING $4) SELECT $5 AS total_result_set, pg"
anon,20508,89,0.0,"WITH pgrst_source AS (UPDATE ""public"".""sinapi_itens"" SET ""composicao"" = ""pgrst_body"".""composicao"" FROM (SELECT $1 AS json_data) pgrst_payload, LATERAL (SELECT ""composicao"" FROM json_to_record(pgrst_payload.json_data) AS _(""composicao"" jsonb) ) pgrst_body WHERE ""public"".""sinapi_itens"".""codigo"" = $2 AND ""public"".""sinapi_itens"".""referencia"" = $3 AND ""public"".""sinapi_itens"".""tipo_encargo"" = $4 RETURNI"
authenticated,20215,88,0.5,"WITH pgrst_source AS (UPDATE ""public"".""processos"" SET ""data_compromisso_fiscal"" = ""pgrst_body"".""data_compromisso_fiscal"" FROM (SELECT $1 AS json_data) pgrst_payload, LATERAL (SELECT ""data_compromisso_fiscal"" FROM json_to_record(pgrst_payload.json_data) AS _(""data_compromisso_fiscal"" date) ) pgrst_body WHERE ""public"".""processos"".""id"" = $2 RETURNING $3) SELECT $4 AS total_result_set, pg_catalog.coun"
anon,17237,75,0.1,"WITH pgrst_source AS ( SELECT ""public"".""app_notifications"".* FROM ""public"".""app_notifications"" WHERE ""public"".""app_notifications"".""read"" = $1 ORDER BY ""public"".""app_notifications"".""created_at"" ASC LIMIT $2 OFFSET $3 ) SELECT $4::bigint AS total_result_set, pg_catalog.count(_postgrest_t) AS page_total, coalesce(json_agg(_postgrest_t), $5) AS body, nullif(current_setting($6, $7), $8) AS response_hea"
anon,16332,71,325.0,"WITH pgrst_source AS ( SELECT ""public"".""seinfra_itens"".* FROM ""public"".""seinfra_itens"" WHERE ""public"".""seinfra_itens"".""referencia"" = $1 LIMIT $2 OFFSET $3 ) , pgrst_source_count AS (SELECT $5 FROM ""public"".""seinfra_itens"" WHERE ""public"".""seinfra_itens"".""referencia"" = $4) SELECT (SELECT pg_catalog.count(*) FROM pgrst_source_count) AS total_result_set, pg_catalog.count(_postgrest_t) AS page_total, $"
service_role,12287,53,15.2,"WITH pgrst_source AS (INSERT INTO ""public"".""historico_suite_eventos""(""capacity"", ""chave_evento"", ""dados_brutos"", ""data_evento"", ""nome"", ""nup"", ""ordem_evento"", ""permanency"", ""processo_id"", ""sincronizado_em"", ""status"", ""unidade_sigla"") SELECT ""pgrst_body"".""capacity"", ""pgrst_body"".""chave_evento"", ""pgrst_body"".""dados_brutos"", ""pgrst_body"".""data_evento"", ""pgrst_body"".""nome"", ""pgrst_body"".""nup"", ""pgrst_"
service_role,12031,52,4.1,"WITH pgrst_source AS ( SELECT ""public"".""historico_suite_eventos"".""chave_evento"" FROM ""public"".""historico_suite_eventos"" WHERE ""public"".""historico_suite_eventos"".""processo_id"" = $1 LIMIT $2 OFFSET $3 ) SELECT $4::bigint AS total_result_set, pg_catalog.count(_postgrest_t) AS page_total, coalesce(json_agg(_postgrest_t), $5) AS body, nullif(current_setting($6, $7), $8) AS response_headers, nullif(curr"
authenticator,12016,52,0.1,BEGIN ISOLATION LEVEL READ COMMITTED READ WRITE
service_role,11894,52,0.5,"WITH pgrst_source AS (INSERT INTO ""public"".""composicoes_biblioteca""(""codigo"", ""criador_nome"", ""descricao"", ""fonte"", ""itens"", ""subcategoria"", ""unidade"", ""usuario"") SELECT ""pgrst_body"".""codigo"", ""pgrst_body"".""criador_nome"", ""pgrst_body"".""descricao"", ""pgrst_body"".""fonte"", ""pgrst_body"".""itens"", ""pgrst_body"".""subcategoria"", ""pgrst_body"".""unidade"", ""pgrst_body"".""usuario"" FROM (SELECT $1 AS json_data) pg"
service_role,11848,51,2.6,"WITH pgrst_source AS (SELECT pgrst_call.pgrst_scalar FROM (SELECT $1 AS json_data) pgrst_payload, LATERAL (SELECT ""p_processo_id"" FROM json_to_record(pgrst_payload.json_data) AS _(""p_processo_id"" uuid) LIMIT $4) pgrst_body , LATERAL (SELECT ""public"".""atualizar_tempo_suite_processo""(""p_processo_id"" := pgrst_body.""p_processo_id"") pgrst_scalar) pgrst_call) SELECT $5::bigint AS total_result_set, $6 AS"
anon,10129,44,5.8,"WITH pgrst_source AS ( SELECT ""public"".""app_atividades"".* FROM ""public"".""app_atividades"" ORDER BY ""public"".""app_atividades"".""created_at"" DESC LIMIT $1 OFFSET $2 ) SELECT $3::bigint AS total_result_set, pg_catalog.count(_postgrest_t) AS page_total, coalesce(json_agg(_postgrest_t), $4) AS body, nullif(current_setting($5, $6), $7) AS response_headers, nullif(current_setting($8, $9), $10) AS response_"
service_role,7796,34,0.4,"WITH pgrst_source AS (UPDATE ""public"".""processos"" SET ""arquivado_check_em"" = ""pgrst_body"".""arquivado_check_em"", ""suite_data_chegada"" = ""pgrst_body"".""suite_data_chegada"" FROM (SELECT $1 AS json_data) pgrst_payload, LATERAL (SELECT ""arquivado_check_em"", ""suite_data_chegada"" FROM json_to_record(pgrst_payload.json_data) AS _(""arquivado_check_em"" timestamp with time zone, ""suite_data_chegada"" timestamp"
anon,7417,32,89.9,"WITH pgrst_source AS ( SELECT ""public"".""composicoes_biblioteca"".* FROM ""public"".""composicoes_biblioteca"" ORDER BY ""public"".""composicoes_biblioteca"".""usuario"" ASC , ""public"".""composicoes_biblioteca"".""subcategoria"" ASC , ""public"".""composicoes_biblioteca"".""descricao"" ASC LIMIT $1 OFFSET $2 ) SELECT $3::bigint AS total_result_set, pg_catalog.count(_postgrest_t) AS page_total, coalesce(json_agg(_postgr"
service_role,6733,29,0.0,COMMIT
anon,6223,27,0.7,"WITH pgrst_source AS (UPDATE ""public"".""processos"" SET ""data_compromisso_fiscal"" = ""pgrst_body"".""data_compromisso_fiscal"" FROM (SELECT $1 AS json_data) pgrst_payload, LATERAL (SELECT ""data_compromisso_fiscal"" FROM json_to_record(pgrst_payload.json_data) AS _(""data_compromisso_fiscal"" date) ) pgrst_body WHERE ""public"".""processos"".""id"" = $2 RETURNING $3) SELECT $4 AS total_result_set, pg_catalog.coun"
authenticated,6108,27,0.4,"WITH pgrst_source AS ( SELECT ""public"".""app_users"".""role"" FROM ""public"".""app_users"" WHERE ""public"".""app_users"".""email"" = $1 LIMIT $2 OFFSET $3 ) SELECT $4::bigint AS total_result_set, pg_catalog.count(_postgrest_t) AS page_total, coalesce(json_agg(_postgrest_t), $5) AS body, nullif(current_setting($6, $7), $8) AS response_headers, nullif(current_setting($9, $10), $11) AS response_status, $12 AS re"
anon,6079,26,0.0,"WITH pgrst_source AS (UPDATE ""public"".""seinfra_itens"" SET ""composicao"" = ""pgrst_body"".""composicao"" FROM (SELECT $1 AS json_data) pgrst_payload, LATERAL (SELECT ""composicao"" FROM json_to_record(pgrst_payload.json_data) AS _(""composicao"" jsonb) ) pgrst_body WHERE ""public"".""seinfra_itens"".""codigo"" = $2 AND ""public"".""seinfra_itens"".""tipo_encargo"" = ANY ($3) RETURNING $4) SELECT $5 AS total_result_set,"
authenticated,5440,24,5.3,"WITH pgrst_source AS ( SELECT ""public"".""orcamentos_biblioteca"".* FROM ""public"".""orcamentos_biblioteca"" ORDER BY ""public"".""orcamentos_biblioteca"".""categoria"" ASC , ""public"".""orcamentos_biblioteca"".""subcategoria"" ASC , ""public"".""orcamentos_biblioteca"".""nome_obra"" ASC LIMIT $1 OFFSET $2 ) SELECT $3::bigint AS total_result_set, pg_catalog.count(_postgrest_t) AS page_total, coalesce(json_agg(_postgrest"