tablename,policyname,cmd,roles,qual,with_check
aditivo_tipos,aditivo_tipos_read,SELECT,{authenticated},true,null
aditivos_contrato,ia_ro_select,SELECT,{gecope_ia_readonly},true,null
app_users,Usuários autenticados podem ver perfis,SELECT,{authenticated},true,null
checklist_documentacao_aditivo,ia_ro_select,SELECT,{gecope_ia_readonly},true,null
comissao_fiscalizacao,ia_ro_select,SELECT,{gecope_ia_readonly},true,null
composicoes_biblioteca,composicoes_biblioteca_read_public,SELECT,"{anon,authenticated}",true,null
config_whatsapp,config_whatsapp_select_authenticated,SELECT,{authenticated},true,null
contratos_edificacao,ia_ro_select,SELECT,{gecope_ia_readonly},true,null
curva_abc_itens,ia_ro_select,SELECT,{gecope_ia_readonly},true,null
curva_abc_versoes,ia_ro_select,SELECT,{gecope_ia_readonly},true,null
distrito_operacional,distrito_operacional_select,SELECT,{authenticated},true,null
ficha_contrato,ia_ro_select,SELECT,{gecope_ia_readonly},true,null
historico_atribuicao_fiscal,historico_atribuicao_fiscal_select_authenticated,SELECT,{authenticated},true,null
historico_metas,Permitir escrita para todos autenticados,INSERT,{authenticated},null,true
historico_metas,Permitir leitura para todos autenticados,SELECT,{authenticated},true,null
medicoes,ia_ro_select,SELECT,{gecope_ia_readonly},true,null
orcamentos_biblioteca,Leitura Publica,SELECT,{anon},true,null
orse_descricao,Leitura publica orse_descricao,SELECT,"{anon,authenticated}",true,null
orse_item,Leitura publica orse_item,SELECT,"{anon,authenticated}",true,null
orse_item_presenca,Leitura publica orse_item_presenca,SELECT,"{anon,authenticated}",true,null
orse_preco,Leitura publica orse_preco,SELECT,"{anon,authenticated}",true,null
processos,ia_ro_select,SELECT,{gecope_ia_readonly},true,null
referencia_carregada,Leitura publica referencia_carregada,SELECT,"{anon,authenticated}",true,null
seinfra_composicao,Leitura publica seinfra_composicao,SELECT,"{anon,authenticated}",true,null
seinfra_descricao,Leitura publica seinfra_descricao,SELECT,"{anon,authenticated}",true,null
seinfra_item,Leitura publica seinfra_item,SELECT,"{anon,authenticated}",true,null
seinfra_item_presenca,Leitura publica seinfra_item_presenca,SELECT,"{anon,authenticated}",true,null
seinfra_preco,Leitura publica seinfra_preco,SELECT,"{anon,authenticated}",true,null
sinapi_composicao,Leitura publica sinapi_composicao,SELECT,"{anon,authenticated}",true,null
sinapi_descricao,Leitura publica sinapi_descricao,SELECT,"{anon,authenticated}",true,null
sinapi_item,Leitura publica sinapi_item,SELECT,"{anon,authenticated}",true,null
sinapi_item_presenca,Leitura publica sinapi_item_presenca,SELECT,"{anon,authenticated}",true,null
sinapi_preco,Leitura publica sinapi_preco,SELECT,"{anon,authenticated}",true,null